Row,BlockNumber,TTD,Difficulty,UnixTimestamp
1,14603000,466011550433310528,13599615371174989,1650201017
2,14603138,466030357859095232,13638188444864779,1650202810
3,14603274,466048910775180800,13669827063350769,1650204624
4,14603379,466063108554841344,13432345464176267,1650206380
5,14603517,466081643225522816,13464074991309641,1650208168
6,14603625,466096022458599360,13237204530781535,1650209982
7,14603749,466112405626822272,13189235793559339,1650211749
8,14603869,466128194064091904,13089774760925874,1650213562
9,14604003,466145818561360576,13094893721873417,1650215387
10,14604138,466163568527117504,13132247338762541,1650217182
11,14604280,466182330887540672,13235089600220148,1650218990
12,14604397,466197744138255296,13051759885406173,1650220781
13,14604549,466217813059663744,13277899149435150,1650222595
14,14604686,466236013563609024,13335368726582585,1650224391
15,14604819,466253840811081152,13353143592717259,1650226193
16,14604951,466271439331198464,13344732950525752,1650227994
17,14605095,466290762535907392,13488676069132105,1650229794
18,14605214,466306669430387392,13340966581397363,1650231585
19,14605348,466324540742638400,13332943719162508,1650233384
20,14605482,466342473557129088,13363947889870479,1650235188
21,14605633,466362820511936576,13528690985590761,1650236990
22,14605789,466384246990986304,13749387754778042,1650238797
23,14605930,466403688447145728,13815417393074846,1650240590
24,14606046,466419588033402816,13649759449376842,1650242411
25,14606166,466435817984627392,13513262444696383,1650244201
26,14606286,466451906475623168,13391319621664206,1650245996
27,14606440,466472666057357568,13609967179464205,1650247782
28,14606567,466489899883912512,13587171523175845,1650249590
29,14606701,466508067777550720,13598581826922862,1650251381
30,14606830,466525593695147456,13549452883711617,1650253165
31,14606952,466542033142631168,13460293757022884,1650254970
32,14607092,466561004656370048,13564845496917800,1650256764
33,14607216,466577828913092992,13488909511404583,1650258551
34,14607340,466594514072612480,13420207166903587,1650260364
35,14607483,466613796262647808,13564603091620359,1650262163
36,14607629,466633747633790656,13670637690980829,1650264005
37,14607766,466652462599311808,13689082372648438,1650265787
38,14607899,466670660876821632,13693633624739747,1650267594
39,14608037,466689633749316416,13718834018726732,1650269414
40,14608180,466709360928640256,13785044438378223,1650271217
41,14608312,466727560907997568,13749007287487910,1650273034
42,14608444,466745695009677184,13713070961278382,1650274850
43,14608573,466763386010522816,13656918758535338,1650276660
44,14608703,466781069313937600,13614550819466797,1650278447
45,14608849,466801056724960448,13801525670898522,1650280240
46,14608986,466819975726861120,13813117640091593,1650282039
47,14609103,466836036261537280,13694315834158453,1650283830
48,14609237,466854407952312320,13745798688480048,1650285582
49,14609371,466872818904174208,13797333333029476,1650287398
50,14609496,466889958456154752,13706624595903419,1650289202
51,14609623,466907330095399296,13610302240690130,1650291002
52,14609755,466925305982578752,13621313620793466,1650292812
53,14609898,466944894486984704,13707240990935438,1650294618
54,14610020,466961587539761472,13570377304982138,1650296431
55,14610148,466978831291668608,13429204421150564,1650298245
56,14610291,466998080599148352,13501102587687912,1650300041
57,14610433,467017336121088000,13586299964920000,1650301837
58,14610563,467035029017305280,13577217703015714,1650303626
59,14610698,467053341432081728,13588602017777164,1650305433
60,14610832,467071568617354112,13633051653800601,1650307215
61,14610943,467086524941021056,13423055669404865,1650309021
62,14611068,467103285845131264,13322229460864518,1650310813
63,14611201,467121017519691392,13327127285813886,1650312611
64,14611366,467143213740378368,13599292781408392,1650314409
65,14611490,467160046056424064,13542777225419977,1650316205
66,14611625,467178439177415168,13633934285997121,1650317954
67,14611736,467193478840387520,13423924465503843,1650319771
68,14611847,467208328605161344,13262788273789410,1650321566
69,14611999,467228645397296576,13485771058407047,1650323362
70,14612142,467247992665700416,13564336514238803,1650325166
71,14612283,467267155788848064,13649792811533967,1650326956
72,14612413,467284823139061760,13600740873764438,1650328758
73,14612560,467305006493827776,13774143825832668,1650330559
74,14612687,467322453085795840,13663690039548156,1650332372
75,14612835,467342777958408704,13784129682095036,1650334171
76,14612978,467362442196644736,13810107129703405,1650335974
77,14613106,467380085962677760,13780076600061768,1650337768
78,14613246,467399455022428480,13846014057313399,1650339583
79,14613379,467417812904936704,13836778601844197,1650341368
80,14613506,467435320041045632,13732513439060796,1650343187
81,14613624,467451441533374080,13601357262643649,1650344994
82,14613747,467468159451577792,13584680587217014,1650346781
83,14613869,467484628479330944,13455616195964833,1650348583
84,14614004,467502767142735104,13447572862028932,1650350371
85,14614143,467521502817057792,13512361823728762,1650352166
86,14614264,467537734110778496,13410179913033499,1650353963
87,14614393,467555009491120256,13362137770168132,1650355736
88,14614526,467572749196524544,13353943619391548,1650357546
89,14614647,467588780283958912,13227415697571674,1650359348
90,14614793,467608211770039744,13357343837927117,1650361148
91,14614919,467625040917878208,13276586131998080,1650362944
92,14615040,467640940442643456,13144475029515234,1650364748
93,14615175,467658776802370496,13181662308865682,1650366552
94,14615305,467675879634460864,13153999210341505,1650368329
95,14615429,467692126535195008,13087352788686025,1650370120
96,14615544,467707019687368960,12905977514145283,1650371901
97,14615684,467725181234532096,12969033814030153,1650373725
98,14615811,467741656246100864,12948174666663442,1650375510
99,14615941,467758484641760320,12959341198558556,1650377293
100,14616077,467776090952317888,12939754315801087,1650379086
101,14616232,467796338737979136,13145260831833568,1650380865
102,14616397,467818264872596544,13459914048722839,1650382648
103,14616531,467836242648596096,13438441390027958,1650384460
104,14616675,467855708386221952,13503701669160162,1650386266
105,14616832,467877101909252736,13771350254908333,1650388053
106,14616969,467895951494204672,13796538272550093,1650389879
107,14617105,467914803234040256,13855238827913610,1650391681
108,14617237,467933086303165184,13872961782604059,1650393475
109,14617358,467949787075524480,13720676503494656,1650395310
110,14617508,467970420688609088,13848523773899713,1650397098
111,14617641,467988827789901760,13846140695700858,1650398898
112,14617779,468008082177447552,13946151739859353,1650400687
113,14617921,468027884894766784,14033696672332245,1650402481
114,14618032,468043274261182656,13776764787229645,1650404270
115,14618162,468061201867398400,13760510834673282,1650406058
116,14618298,468079980094583552,13866433903193177,1650407806
117,14618424,468097370030166208,13788791011458926,1650409594
118,14618555,468115379566710976,13725824986513388,1650411401
119,14618670,468131080164200320,13574537188252064,1650413197
120,14618806,468149555384577024,13599456305728525,1650415000
121,14618926,468165854698106944,13542682554555225,1650416784
122,14619040,468181199501467392,13347808673248344,1650418564
123,14619176,468199285277031744,13418427963613014,1650420362
124,14619304,468216454352817728,13370046915077649,1650422150
125,14619431,468233458082969600,13302339543448229,1650423965
126,14619546,468248671650027840,13123999698241004,1650425760
127,14619668,468264664892675456,12999966872232717,1650427571
128,14619793,468280898004527616,12915394834462089,1650429377
129,14619920,468297219872569856,12800656487420230,1650431230
130,14620050,468313857282980928,12793085548130824,1650433052
131,14620182,468330794568414976,12829518130508009,1650434842
132,14620332,468350107736559360,12944161095186360,1650436661
133,14620472,468368267244245184,13007269205570931,1650438475
134,14620612,468386528364344704,13077074961327296,1650440265
135,14620737,468402738398732224,12972988334657674,1650442047
136,14620872,468420200785720320,12984966506976938,1650443834
137,14621004,468437432830848256,12983484402382210,1650445642
138,14621135,468454501815178624,12994620968555784,1650447421
139,14621265,468471366512233024,12942444954422992,1650449248
140,14621396,468488289904049536,12915885697951169,1650451039
141,14621519,468504105677182912,12800434091837469,1650452843
142,14621657,468521782332162880,12844157910717147,1650454631
143,14621798,468539938043519744,12957676357904460,1650456443
144,14621939,468558310411741632,13001901280426540,1650458246
145,14622091,468578195056292224,13208019742889751,1650460028
146,14622234,468597095949412224,13298406626525719,1650461840
147,14622350,468612484972023936,13190632000479109,1650463649
148,14622485,468630387995437120,13247305185925420,1650465432
149,14622607,468646498765676096,13109207610375304,1650467245
150,14622742,468664209102912128,13108015279492760,1650469064
151,14622866,468680388751047104,13016253314253071,1650470848
152,14622998,468697567483530944,13027658005284261,1650472656
153,14623152,468717757523619392,13208545822197177,1650474441
154,14623284,468735156577710784,13174757042021260,1650476236
155,14623421,468753175884360576,13186770793873444,1650478041
156,14623557,468771165916483136,13224297939334443,1650479861
157,14623693,468789123978028736,13281442377792455,1650481659
158,14623835,468808023626627712,13313552523961676,1650483462
159,14623964,468825158043218816,13304840668970484,1650485239
160,14624100,468843192588074688,13297179186189962,1650487041
161,14624254,468863806620986752,13534194196447068,1650488827
162,14624391,468882455174957504,13605603433726182,1650490609
163,14624552,468904571518850304,13862067257766510,1650492412
164,14624706,468926058606949952,14094494141473896,1650494225
165,14624844,468945519094089536,14133746636084877,1650496018
166,14624974,468963934700674624,14089082796017802,1650497816
167,14625095,468980942266843648,13981832003330210,1650499620
168,14625204,468996114750406976,13786164580398770,1650501396
169,14625343,469015308316369792,13825094609036757,1650503220
170,14625469,469032675376185344,13747768335722324,1650505028
171,14625601,469050825802476224,13738570077507681,1650506813
172,14625738,469069558990231552,13797378862862259,1650508608
173,14625860,469086327065535552,13686124063183941,1650510391
174,14625978,469102362501104320,13548943467762515,1650512185
175,14626099,469118670267566144,13413642783500218,1650513982
176,14626235,469136924068357504,13418799011244874,1650515800
177,14626362,469153954278225472,13416169375039767,1650517598
178,14626487,469170771419234368,13406707695636114,1650519385
179,14626624,469189236442829632,13438208504892629,1650521188
180,14626753,469206574461630336,13402872911805088,1650523039
181,14626890,469224998655403456,13500228873852593,1650524849
182,14627005,469240491823651712,13306015032789032,1650526649
183,14627147,469259448446638720,13390224255966326,1650528434
184,14627287,469278272175752640,13547139875087046,1650530189
185,14627425,469296964095933504,13605568841858240,1650531985
186,14627558,469315052824125120,13636827132358395,1650533789
187,14627691,469333147396238336,13661467745460130,1650535598
188,14627824,469351386598433600,13699372330168211,1650537423
189,14627942,469367427189961536,13568769956776958,1650539179
190,14628071,469384899645294016,13533109117999373,1650540995
191,14628196,469401774208313984,13437782911275930,1650542801
192,14628319,469418217342641984,13323529359650428,1650544614
193,14628461,469437197588989184,13401390462711768,1650546402
194,14628594,469455029674343360,13419325111853643,1650548183
195,14628734,469473845601516608,13484168187804110,1650549978
196,14628861,469490872245419584,13370138093230855,1650551771
197,14629002,469509816813259392,13487536973004184,1650553572
198,14629124,469526274116451968,13372655257227901,1650555379
199,14629239,469541567533268288,13206291029681578,1650557184
200,14629389,469561508723847872,13343142843237857,1650558984
201,14629516,469578482316784320,13327580375994368,1650560802
202,14629640,469595018114394688,13246760056426156,1650562618
203,14629795,469615659076061504,13384680304419835,1650564430
204,14629935,469634543975790784,13475550493043843,1650566231
205,14630062,469651566061979008,13420292736494252,1650568021
206,14630205,469670877649430976,13551503392430132,1650569802
207,14630344,469689724446183232,13649919709683911,1650571586
208,14630458,469705139142084352,13453345185022943,1650573356
209,14630575,469720797043178304,13292312699485630,1650575149
210,14630725,469740811602843648,13502306093279082,1650576941
211,14630844,469756888984676544,13373717629515154,1650578753
212,14630973,469774038485272704,13286999468986115,1650580574
213,14631116,469793171268171264,13436663070839897,1650582377
214,14631249,469811082706415040,13421750843383025,1650584187
215,14631380,469828691016490496,13413014546935074,1650585979
216,14631533,469849425055514944,13591776734452005,1650587793
217,14631671,469868176350266816,13597038844711233,1650589591
218,14631806,469886521352622976,13655167668281010,1650591369
219,14631916,469901400739160768,13438298934167197,1650593183
220,14632053,469919840499618368,13450136227585298,1650594993
221,14632178,469936577279497664,13303405904902403,1650596805
222,14632322,469955733053685696,13401044894621430,1650598633
223,14632456,469973728317276736,13412489688322408,1650600432
224,14632583,469990742191084352,13403336745560782,1650602236
225,14632711,470007866970775296,13335610369207147,1650604043
226,14632850,470026473526606464,13419668660385785,1650605845
227,14632981,470043980145288640,13378468975570293,1650607627
228,14633104,470060379404079424,13310134394616760,1650609421
229,14633233,470077537578566656,13243228378016837,1650611227
230,14633380,470097101379216640,13386469133048831,1650612992
231,14633494,470112220884759360,13239247644933436,1650614779
232,14633630,470130249333750016,13290027239570697,1650616578
233,14633767,470148376045680512,13282614433020401,1650618382
234,14633898,470165848026891968,13248317628059362,1650620189
235,14634040,470184743240577984,13332358849401615,1650622001
236,14634173,470202409849118080,13272308911430688,1650623813
237,14634298,470218918168691776,13198642465807949,1650625612
238,14634436,470237161341667776,13294765523710001,1650627410
239,14634561,470253750523648320,13240329771136940,1650629180
240,14634694,470271382006868160,13225844715770374,1650630972
241,14634840,470290821118103168,13362408223642692,1650632776
242,14634980,470309664941205056,13426986221298245,1650634575
243,14635117,470328153989701952,13491428986886933,1650636386
244,14635250,470346126530014208,13515833238555939,1650638193
245,14635383,470364127058608256,13520454272944545,1650640009
246,14635528,470383765224297664,13619456997261259,1650641803
247,14635658,470401447567261440,13563742979505975,1650643593
248,14635781,470418064213029824,13553816933899972,1650645323
249,14635905,470434804820163328,13445176451131054,1650647123
250,14636037,470452591879283264,13416783260582894,1650648932
251,14636176,470471226573091328,13507855261031524,1650650721
252,14636305,470488619964145152,13419933253056019,1650652541
253,14636439,470506544290968960,13451103455842259,1650654307
254,14636587,470526543021925120,13576765538300279,1650656104
255,14636716,470543983050007488,13547835319372279,1650657889
256,14636836,470560187130915456,13425539430525175,1650659678
257,14636965,470577519864963456,13383899602020730,1650661492
258,14637095,470594925075182656,13362088661864703,1650663276
259,14637230,470612931037549952,13315059368671308,1650665097
260,14637375,470632402840231296,13498244951855571,1650666886
261,14637519,470651862508737280,13603734216671672,1650668689
262,14637646,470669103820969536,13561160760370636,1650670500
263,14637788,470688505008114432,13659893594060540,1650672314
264,14637923,470706899746510848,13671433576382618,1650674113
265,14638074,470727659023833408,13846241955215018,1650675907
266,14638213,470746873073294400,13865014408474191,1650677699
267,14638354,470766539729173632,13924596162144375,1650679487
268,14638472,470782826821260544,13751156587879681,1650681294
269,14638613,470802232209368768,13871402846263011,1650683085
270,14638724,470817560400673280,13664156777759956,1650684897
271,14638863,470836534666993664,13682819956298832,1650686707
272,14638984,470852992525334336,13545880742115050,1650688521
273,14639121,470871539868763008,13604071551085726,1650690320
274,14639261,470890591544910656,13656290777942594,1650692113
275,14639394,470908771936697408,13640776141927807,1650693887
276,14639515,470925150364433792,13584034753563200,1650695708
277,14639653,470943935921841664,13655641602507109,1650697506
278,14639778,470960937061729600,13592560552650591,1650699294
279,14639901,470977626903597952,13509766926083085,1650701100
280,14640019,470993529871157184,13420257865429323,1650702862
281,14640130,471008304850617728,13246271551036331,1650704660
282,14640269,471026721989939840,13297278628275109,1650706454
283,14640420,471046971869243328,13454694374424565,1650708260
284,14640542,471063341080133184,13320745283030159,1650710061
285,14640684,471082284267628224,13379014124948624,1650711864
286,14640807,471098704355172160,13310792242930539,1650713650
287,14640940,471116449483478528,13302573186117304,1650715452
288,14641086,471136005028656448,13439763847203980,1650717240
289,14641231,471155564851393984,13571505687547362,1650719054
290,14641365,471173792271563520,13636020592530203,1650720866
291,14641501,471192290330228224,13660996970199191,1650722664
292,14641639,471211095043607680,13699616054160172,1650724454
293,14641761,471227742792416576,13569454012095291,1650726260
294,14641892,471245472043011456,13573708213046570,1650728071
295,14642034,471264773599941824,13646104631506771,1650729853
296,14642173,471283714773732224,13698226260859010,1650731647
297,14642295,471300410777852160,13614517924864162,1650733453
298,14642423,471317807396983552,13578532263390978,1650735270
299,14642563,471336981227471040,13656918011597044,1650737062
300,14642720,471358612088734720,13913750062427518,1650738861
301,14642842,471375460056626304,13815014731757403,1650740649
302,14642970,471393114491138176,13785081437772346,1650742438
303,14643116,471413403185690816,13906146926794147,1650744251
304,14643253,471432460794693952,13938195772302852,1650746058
305,14643391,471451777760774784,13943005603440038,1650747865
306,14643521,471469984533647744,13939888788900257,1650749682
307,14643648,471487625100376512,13916114664603575,1650751489
308,14643775,471505291078628096,13838075395451803,1650753271
309,14643915,471524670905893632,13883971586518099,1650755062
310,14644042,471542284805003712,13792790380561364,1650756883
311,14644161,471558606794344960,13667910487727029,1650758666
312,14644308,471578791769556160,13794981307110463,1650760486
313,14644446,471597873046582848,13840560582900976,1650762283
314,14644576,471615871503748224,13790330903350477,1650764079
315,14644707,471633925959066048,13754166690134306,1650765888
316,14644824,471649874604387840,13536629668312153,1650767691
317,14644958,471668048609736000,13587789471608809,1650769481
318,14645101,471687478669311872,13653638827576492,1650771290
319,14645234,471705625146481216,13651587348790829,1650773101
320,14645369,471724050173599296,13663021123440895,1650774900
321,14645499,471741800490908544,13633920064165161,1650776708
322,14645641,471761208509541824,13739959997028172,1650778483
323,14645773,471779306682611968,13730809569332301,1650780295
324,14645904,471797307465863168,13714754930681313,1650782109
325,14646042,471816288661386880,13793782371368797,1650783900
326,14646198,471838039262779776,14025288838521717,1650785698
327,14646322,471855357140399872,13960071979468622,1650787488
328,14646464,471875257925802944,14020220731320654,1650789277
329,14646581,471891544352820352,13852155538310738,1650791079
330,14646713,471909815473294464,13788762847280173,1650792903
331,14646837,471926729998310464,13637780197295812,1650794702
332,14646971,471945050506382464,13655593134135292,1650796516
333,14647096,471962087064164352,13625514820585097,1650798264
334,14647215,471978252436074496,13502321504595026,1650800050
335,14647332,471993996399231360,13399635253388381,1650801835
336,14647472,472012831998843136,13477376415083268,1650803621
337,14647608,472031213896765184,13515303567552202,1650805420
338,14647752,472050775637381696,13674126149888999,1650807209
339,14647879,472068098945729408,13584658325901965,1650809009
340,14648000,472084466905082048,13508315193661345,1650810784
341,14648117,472100173912004544,13392692766765487,1650812554
342,14648243,472117031888120384,13311439917617796,1650814369
343,14648393,472137140576512576,13475469105716227,1650816172
344,14648523,472154580509918400,13407489740560866,1650817986
345,14648654,472172158256919616,13379202097275076,1650819825
346,14648801,472191824751823936,13484331066297167,1650821632
347,14648919,472207669746967872,13368746601210131,1650823436
348,14649049,472225040530302208,13360061711630327,1650825246
349,14649187,472243505391794304,13411385547112549,1650827036
350,14649312,472260197553457600,13304090656812485,1650828851
351,14649432,472276197833501696,13209871294434858,1650830658
352,14649571,472294600309866752,13273735191282752,1650832471
353,14649717,472314069729637184,13430384257808899,1650834258
354,14649866,472334164162875264,13642163445704121,1650836035
355,14650007,472353446959093824,13748137614576443,1650837839
356,14650145,472372496569185728,13793557306493731,1650839639
357,14650272,472390000084212480,13723318422347697,1650841450
358,14650399,472407403323975488,13693498191424338,1650843225
359,14650536,472426086968547584,13732038971489775,1650845031
360,14650664,472443661394686784,13708996708720055,1650846828
361,14650801,472462577856342528,13821429258475359,1650848619
362,14650923,472479378111558720,13703208464856877,1650850396
363,14651059,472497981544856448,13734795678455345,1650852215
364,14651190,472515914695461824,13698695559761391,1650854038
365,14651340,472536591419434048,13880485983442862,1650855826
366,14651470,472554600513221376,13796573739440258,1650857632
367,14651589,472570982062497856,13698276427866131,1650859445
368,14651720,472588909363245824,13702444654531165,1650861201
369,14651835,472604539518991936,13531595419245215,1650863004
370,14651969,472622690542527296,13595959194193878,1650864799
371,14652111,472642117566242880,13681646645503130,1650866596
372,14652230,472658348436817920,13557831441646940,1650868349
373,14652350,472674503116618560,13481459236925356,1650870146
374,14652459,472689074814777472,13222091694362339,1650871955
375,14652602,472708129558729472,13299567036625423,1650873748
376,14652737,472726046519603264,13363365793777348,1650875545
377,14652882,472745408340181632,13468193190487832,1650877329
378,14653017,472763505752364224,13466692760554494,1650879147
379,14653153,472781865649144768,13564168907053298,1650880937
380,14653276,472798481111617856,13422480952243046,1650882742
381,14653416,472817354909975168,13520214200306291,1650884516
382,14653549,472835272673696512,13538116170045819,1650886325
383,14653682,472853324855789376,13582458985247995,1650888119
384,14653825,472872832476953024,13735036411377596,1650889927
385,14653944,472889115004969792,13637305656491822,1650891727
386,14654087,472908672421842880,13730023401222280,1650893534
387,14654214,472926051294467584,13686653871124873,1650895320
388,14654338,472942891194305152,13596754868127789,1650897131
389,14654463,472959845586761600,13533989897995788,1650898948
390,14654588,472976729460530240,13425655911908137,1650900759
391,14654736,472996698995528448,13570869713270941,1650902529
392,14654849,473011944319590080,13388464092709360,1650904310
393,14654979,473029365618951040,13386241157437427,1650906101
394,14655117,473047900522943488,13463813153273388,1650907902
395,14655250,473065789856815872,13468625931665272,1650909702
396,14655385,473084012657348864,13466958484796549,1650911503
397,14655529,473103577412785728,13598494272843621,1650913317
398,14655676,473123719916676480,13758397928386037,1650915128
399,14655796,473140159269990848,13674017254703320,1650916916
400,14655937,473159512238679808,13773274605735888,1650918717
401,14656066,473177236597475072,13696395302061090,1650920492
402,14656191,473194273437053120,13646351349168819,1650922263
403,14656314,473211004076234368,13503727043944132,1650924060
404,14656457,473230412643015680,13622260249781826,1650925864
405,14656589,473248462241354816,13593379812746677,1650927655
406,14656714,473265359227894464,13418721252491392,1650929491
407,14656862,473285341986772800,13597081435150464,1650931269
408,14656960,473298457844853312,13281975621878630,1650933060
409,14657103,473317530552199680,13366255433874751,1650934855
410,14657246,473336718489548032,13470760607528765,1650936653
411,14657391,473356326945152384,13556298137010801,1650938436
412,14657550,473377971140762752,13764646242030328,1650940247
413,14657678,473395532133763904,13667981191992750,1650942052
414,14657807,473413133693288064,13612021907257023,1650943848
415,14657943,473431662043552768,13690303558300675,1650945638
416,14658079,473450244951756160,13681860775238216,1650947429
417,14658223,473470096043992704,13828828565231161,1650949240
418,14658359,473488971030468032,13887513899109810,1650951044
419,14658482,473505902395918336,13795899522051671,1650952829
420,14658617,473524583102524992,13840992043846291,1650954631
421,14658735,473540811971196416,13675236991548080,1650956426
422,14658857,473557421490423488,13571833050950231,1650958218
423,14658986,473574856661470720,13496454849421456,1650960046
424,14659117,473592542091613696,13474468162029806,1650961858
425,14659242,473609341822060864,13432199407494329,1650963633
426,14659373,473626914144978176,13416987067223178,1650965415
427,14659510,473645294205366848,13441955118626677,1650967206
428,14659634,473661914307857536,13399665617438746,1650968978
429,14659772,473680491602460096,13477175501250887,1650970769
430,14659897,473697270081617728,13375953654344056,1650972550
431,14660013,473712680136872384,13222395976792795,1650974345
432,14660153,473731272957749376,13306067209739371,1650976131
433,14660283,473748462943569472,13258642730149910,1650977935
434,14660392,473762838110845504,13067308153098181,1650979720
435,14660528,473780672737619392,13117529106762703,1650981539
436,14660665,473798690642228224,13148784189347088,1650983337
437,14660788,473814875349068864,13056186177033858,1650985125
438,14660920,473832069726286400,13048501449326227,1650986904
439,14661051,473849138969991168,13053478666008092,1650988698
440,14661174,473865179014685888,12968263604054108,1650990499
441,14661316,473883704031613952,13050830008325769,1650992293
442,14661455,473901866553985472,13082208116492897,1650994092
443,14661587,473919266544996032,13080518003109303,1650995895
444,14661703,473934380342075008,12962423395730095,1650997667
445,14661831,473950955179062080,12916402000732593,1650999471
446,14661958,473967325671700608,12901890143965620,1651001281
447,14662081,473983162133405696,12905908358116931,1651003038
448,14662217,474000718037979840,12955672189804036,1651004840
449,14662354,474018468312787904,13005848842744265,1651006631
450,14662472,474033794810688448,12869932138090276,1651008426
451,14662621,474053043897072064,13022741400176882,1651010214
452,14662771,474072683239910080,13190289358749475,1651011988
453,14662901,474089802732524352,13156176287086988,1651013791
454,14663042,474108402668700288,13213688875866880,1651015581
455,14663160,474123958833080576,13081687163112634,1651017384
456,14663294,474141476097078464,13112560125765212,1651019200
457,14663411,474156777975575360,12987774330185225,1651021002
458,14663564,474176776029893184,13213105522134095,1651022774
459,14663696,474194148644252928,13185714483308452,1651024576
460,14663820,474210498358457728,13061221127394894,1651026386
461,14663978,474231334573513472,13327346018173901,1651028167
462,14664111,474249158034657344,13377624360810597,1651029932
463,14664237,474265952827252224,13309751833615685,1651031742
464,14664358,474281938505713728,13119413812256614,1651033544
465,14664491,474299430217890880,13111526056565073,1651035330
466,14664623,474316753955512704,13110064569651864,1651037138
467,14664754,474333940977125504,13082856728772625,1651038927
468,14664877,474349997756052864,12997363864469741,1651040726
469,14664997,474365515808645824,12887071090608332,1651042516
470,14665147,474384996688185920,13110465150117196,1651044299
471,14665274,474401605686953792,13101924887913128,1651046073
472,14665393,474417040493893632,12958669181800274,1651047881
473,14665536,474435636317594240,13028682614085428,1651049693
474,14665668,474452843578812608,13059141538767735,1651051470
475,14665806,474470877109696064,13109735075732819,1651053264
476,14665924,474486258823649024,12940962654730682,1651055072
477,14666061,474504036890691904,12991009371082132,1651056863
478,14666194,474521276046592064,12920258866664295,1651058664
479,14666316,474536996875012672,12829699456090120,1651060504
480,14666453,474554623322201472,12866917413095740,1651062300
481,14666604,474574154245362560,13039108857452423,1651064072
482,14666727,474590217779098304,13010954101536507,1651065870
483,14666852,474606458178382144,12957916642102303,1651067659
484,14666987,474623988658474240,12969793103950808,1651069466
485,14667143,474644408309801472,13227548022465615,1651071248
486,14667284,474663084717710720,13343977660564739,1651073044
487,14667429,474682455670396544,13442038233769553,1651074842
488,14667567,474701031271627072,13480353369630377,1651076635
489,14667710,474720365240932480,13618810521899132,1651078426
490,14667842,474738349914880896,13629872007655687,1651080224
491,14667971,474755906837290496,13600592832053186,1651082011
492,14668118,474775994008489728,13753890738473736,1651083800
493,14668227,474790850696014208,13508909414576706,1651085610
494,14668365,474809490543067712,13587103673289031,1651087400
495,14668498,474827514912176064,13611696359781735,1651089169
496,14668635,474846206436833536,13643346880309673,1651090981
497,14668746,474861207388038592,13453062823653171,1651092770
498,14668866,474877276454494784,13312157194380167,1651094566
499,14669000,474895126609473664,13323505825122775,1651096369
500,14669129,474912295553385856,13269242244786013,1651098193
501,14669245,474927566439402368,13136597354043436,1651099978
502,14669382,474945533874782080,13161433245559719,1651101787
503,14669520,474963713558490816,13238023524481709,1651103587
504,14669651,474981167591084864,13281349231435053,1651105375
505,14669788,474999359767693376,13325806562873215,1651107161
506,14669925,475017683046124032,13376780168682320,1651108979
507,14670053,475034838857734784,13309229614214844,1651110789
508,14670205,475055199448253440,13499901470285796,1651112581
509,14670349,475074658534335680,13578801986012513,1651114372
510,14670481,475092495387660672,13530266058499931,1651116173
511,14670623,475111720695868160,13615701081531544,1651117964
512,14670733,475126558192964800,13379806614978386,1651119802
513,14670849,475142037374106752,13284557576565554,1651121588
514,14670967,475157698619265344,13151707995333192,1651123365
515,14671102,475175453988617344,13176271773708083,1651125149
516,14671239,475193568682665792,13188234638128111,1651126928
517,14671361,475209644016551552,13178881774538362,1651128686
518,14671494,475227186395022144,13164644078695465,1651130497
519,14671637,475246102295152384,13267763944773554,1651132300
520,14671774,475264329581024832,13396926687943039,1651134097
521,14671924,475284614036166976,13641562187053376,1651135894
522,14672063,475303607965180608,13653556859100068,1651137711
523,14672184,475320072261769088,13583228527986499,1651139511
524,14672302,475336013270537344,13421016121019857,1651141302
525,14672434,475353672274905088,13412452104177174,1651143099
526,14672568,475371623434263360,13430480837049043,1651144899
527,14672708,475390507145888128,13488738307447427,1651146721
528,14672813,475404527291830656,13267551191882095,1651148528
529,14672955,475423553583940736,13377513111743720,1651150320
530,14673084,475440798398550720,13362171858302370,1651152126
531,14673221,475459261144280000,13459112606211861,1651153918
532,14673359,475477844529720000,13471080400965737,1651155732
533,14673473,475493131617636544,13296649248096380,1651157568
534,14673607,475510949914403840,13320953333950117,1651159367
535,14673738,475528424839701888,13371146793119962,1651161144
536,14673871,475546167233767424,13336780819165160,1651162951
537,14673990,475562042235236864,13222898337014966,1651164745
538,14674125,475579796690823680,13221854494470340,1651166546
539,14674269,475598892291005696,13306007611203090,1651168356
540,14674396,475615807558631872,13251696496004185,1651170162
541,14674533,475634022989386624,13315507413126136,1651171952
542,14674657,475650545244372352,13221802332444652,1651173767
543,14674801,475669623158981632,13325594803191253,1651175565
544,14674934,475687388493120128,13336901358472915,1651177376
545,14675066,475705003210757312,13335205703286485,1651179190
546,14675194,475721967288952384,13280904586845400,1651180997
547,14675319,475738448346463744,13245902182197354,1651182769
548,14675450,475755765833226496,13218244182316262,1651184560
549,14675577,475772454928251200,13157965239590562,1651186348
550,14675726,475792143168285632,13268334829057033,1651188145
551,14675868,475811073863410112,13365426109535108,1651189919
552,14676013,475830516957504000,13489823834551008,1651191728
553,14676142,475847921789022208,13434771899364620,1651193530
554,14676266,475864516494144128,13379497195527327,1651195348
555,14676409,475883751127789888,13464206344165351,1651197158
556,14676538,475901057706380800,13422524731375001,1651198981
557,14676668,475918493101629760,13368008774236222,1651200795
558,14676804,475936592825491840,13379785190867704,1651202602
559,14676934,475954021181196736,13384110895384632,1651204379
560,14677062,475971158359056640,13335956331387365,1651206186
561,14677196,475989087119754752,13334299173455960,1651208001
562,14677325,476006231094704896,13286520945423793,1651209806
563,14677476,476026483612923136,13450415886762305,1651211607
564,14677588,476041404243942912,13256626605309578,1651213404
565,14677737,476061207430008576,13433238103263232,1651215211
566,14677856,476077121297231040,13247172827715852,1651217046
567,14677987,476094459263667584,13251853546626974,1651218837
568,14678102,476109601606924672,13080669400385830,1651220643
569,14678241,476127773453816448,13195742540560215,1651222436
570,14678369,476144680956230784,13154967781153168,1651224204
571,14678488,476160214784220288,13062091856333538,1651225989
572,14678626,476178216487923648,13093484848361672,1651227788
573,14678753,476194786850760256,13002074849531047,1651229595
574,14678883,476211601030334272,12962392441324043,1651231395
575,14679026,476230208171506112,13070713300936615,1651233184
576,14679167,476248702136703424,13134463977072045,1651234985
577,14679283,476263846074418944,12984247566308283,1651236768
578,14679416,476281112919769664,12976679070075679,1651238575
579,14679570,476301293058427968,13214848153246897,1651240375
580,14679704,476319051668672448,13258561979095185,1651242179
581,14679841,476337239900800000,13263945440766807,1651243972
582,14679960,476352952035299456,13125248557887503,1651245761
583,14680102,476371699318995840,13247419109447026,1651247563
584,14680227,476388137267907136,13148180426996437,1651249360
585,14680383,476408726405206720,13317845097539324,1651251167
